"revista_id","revista","issn_canonico"
"REV-0001","EUROPEAN JOURNAL OF CLINICAL NUTRITION","0954-3007; 1476-5640"
"REV-0002","CUADERNOS DEL CLAEH-CENTRO LATINOAMERICANO DE ECONOMIA HUMANA","0797-6062; 2393-5979"
"REV-0003","Towards a Comparative Analysis of Social Inequalities between Europe and Latin America","3030484415; 3030484422"
"REV-0004","ULTIMA DECADA","0717-4691; 0718-2236"
"REV-0005","CALIDAD EN LA EDUCACION","0717-4004; 0718-4565"
"REV-0006","Revista Latinoamericana de Ciencias Sociales, Ninez y Juventud","1692-715X"
"REV-0007","HUMANIDADES & INOVACAO","2358-8322"
"REV-0008","TEMAS Y DEBATES","1666-0714; 1853-984X"
"REV-0009","REVISTA MAD-REVISTA DEL MAGISTER EN ANALISIS SISTEMICO APLICADO A LA SOCIEDAD","0718-0527"
"REV-0010","BMC GERIATRICS","1471-2318"
"REV-0011","INTERAMERICAN JOURNAL OF PSYCHOLOGY","0034-9690"
"REV-0012","REVISTA MEXICANA DE CIENCIAS POLITICAS Y SOCIALES","0185-1918; 2448-492X"
"REV-0013","CUADERNOS DE NEUROPSICOLOGIA-PANAMERICAN JOURNAL OF NEUROPSYCHOLOGY","0718-4123"
"REV-0014","ESTUDIOS ATACAMENOS","0716-0925; 0718-1043"
"REV-0015","SAUDE E SOCIEDADE","0104-1290; 1984-0470"
"REV-0016","LATIN AMERICAN RESEARCH REVIEW","0023-8791; 1542-4278"
"REV-0017","BIOLOGICAL RESEARCH","0716-9760; 0717-6287"
"REV-0018","FRONTIERS IN PSYCHOLOGY","1664-1078"
"REV-0019","SOCIOLOGICAL METHODS & RESEARCH","0049-1241; 1552-8294"
"REV-0020","REVISTA IBEROAMERICANA DE DIAGNOSTICO Y EVALUACION-E AVALIACAO PSICOLOGICA","1135-3848; 2183-6051"
"REV-0021","Sociologia & Antropologia","2236-7527; 2238-3875"
"REV-0022","GESTION Y POLITICA PUBLICA","1405-1079; 2448-9182"
"REV-0023","Revista Brasileira de Educacao","1413-2478; 1809-449X"
"REV-0024","HISTORIA-SANTIAGO","0073-2435; 0717-7194"
"REV-0025","EDUCACAO E SOCIEDADE","0101-7330; 1678-4626"
"REV-0026","AGING & MENTAL HEALTH","1360-7863; 1364-6915"
"REV-0027","SOCIAL WORK EDUCATION","0261-5479; 1470-1227"
"REV-0028","CAMBRIDGE ARCHAEOLOGICAL JOURNAL","0959-7743; 1474-0540"
"REV-0029","Memorias: Revista digital de historia y arqueologia desde el caribe","1794-8886"
"REV-0030","AGER-REVISTA DE ESTUDIOS SOBRE DESPOBLACION Y DESARROLLO RURAL","1578-7168"
"REV-0031","Polis (Santiago)","0717-6554; 0718-6568"
"REV-0032","ENVIRONMENT DEVELOPMENT AND SUSTAINABILITY","1387-585X; 1573-2975"
"REV-0033","CINTA DE MOEBIO","0717-554X"
"REV-0034","ESPACIO ABIERTO","1315-0006"
"REV-0035","SCIENTIFIC REPORTS","2045-2322"
"REV-0036","NATURAL HAZARDS","0921-030X; 1573-0840"
"REV-0037","JOURNAL OF YOUTH STUDIES","1367-6261; 1469-9680"
"REV-0038","CADERNOS DE SAUDE PUBLICA","0102-311X; 1678-4464"
"REV-0039","JOURNAL OF CHILD AND FAMILY STUDIES","1062-1024; 1573-2843"
"REV-0040","PSICOLOGIA EDUCATIVA","1135-755X; 2174-0526"
"REV-0041","PSYCHOANALYSIS CULTURE & SOCIETY","1088-0763; 1543-3390"
"REV-0042","EDUCATION POLICY ANALYSIS ARCHIVES","1068-2341"
"REV-0043","QUATERNARY INTERNATIONAL","1040-6182; 1873-4553"
"REV-0044","Revista de estudios y experiencias en educación","0717-6945; 0718-5162"
"REV-0045","NATURE","0028-0836; 1476-4687"
"REV-0046","UTOPIA Y PRAXIS LATINOAMERICANA-REVISTA INTERNACIONAL DE FILOSOFIA IBEROAMERICANA Y TEORIA SOCIAL","1316-5216"
"REV-0047","LEARNING & BEHAVIOR","1543-4494; 1543-4508"
"REV-0048","Dialogo andino","0716-2278; 0719-2681"
"REV-0049","COASTAL MANAGEMENT","0892-0753; 1521-0421"
"REV-0050","PLOS ONE","1932-6203"
"REV-0051","REVISTA CES PSICOLOGIA","2011-3080"
"REV-0052","ANTIPODA. REVISTA DE ANTROPOLOGIA Y ARQUEOLOGIA","1900-5407; 2011-4273"
"REV-0053","PSICOTHEMA","0214-9915; 1886-144X"
"REV-0054","DEARQ-REVISTA DE ARQUITECTURA-JOURNAL OF ARCHITECTURE","2011-3188; 2215-969X"
"REV-0055","REVISTA EDUCACION","0379-7082; 2215-2644"
"REV-0056","Pléyade (Santiago)","0718-655X; 0719-3696"
"REV-0057","AUSTRALIAN AND NEW ZEALAND JOURNAL OF FAMILY THERAPY","0814-723X; 1467-8438"
"REV-0058","KAMCHATKA-REVISTA DE ANALISIS CULTURAL","2340-1869"
"REV-0059","REVISTA MEDICA CLINICA LAS CONDES","0716-8640"
"REV-0060","UNIVERSITAS PSYCHOLOGICA","1657-9267"
"REV-0061","AMERICAN BEHAVIORAL SCIENTIST","0002-7642; 1552-3381"
"REV-0062","The Routledge Companion to Indigenous Repatriation: Return, Reconcile, Renew","3830-3584"
"REV-0063","MAGALLANIA","0718-0209; 0718-2244"
"REV-0064","SUSTAINABILITY","2071-1050"
"REV-0065","Curriculo sem Fronteiras","1645-1384"
"REV-0066","ESTUDIOS PEDAGOGICOS (VALDIVIA)","0716-050X; 0718-0705"
"REV-0067","ARTE INDIVIDUO Y SOCIEDAD","1131-5598; 1988-2408"
"REV-0068","ANDAMIOS","1870-0063; 2594-1917"
"REV-0069","JOURNAL OF LITHIC STUDIES","2055-0472"
"REV-0070","LEARNING AND MOTIVATION","0023-9690; 1095-9122"
"REV-0071","CHUNGARA-REVISTA DE ANTROPOLOGIA CHILENA","0716-1182; 0717-7356"
"REV-0072","REVISTA ESPANOLA DE SOCIOLOGIA","1578-2824"
"REV-0073","METHODOLOGY-EUROPEAN JOURNAL OF RESEARCH METHODS FOR THE BEHAVIORAL AND SOCIAL SCIENCES","1614-1881; 1614-2241"
"REV-0074","Revista latinoamericana de educación inclusiva","0718-7378"
"REV-0075","SCRIPTA NOVA-REVISTA ELECTRONICA DE GEOGRAFIA Y CIENCIAS SOCIALES","1138-9788"
"REV-0076","CHASQUI-REVISTA LATINOAMERICANA DE COMUNICACION","1390-1079; 1390-924X"
"REV-0077","CONVERGENCIA-REVISTA DE CIENCIAS SOCIALES","1405-1435; 2448-5799"
"REV-0078","Nomadas","0121-7550"
"REV-0079","SOCIAL INDICATORS RESEARCH","0303-8300; 1573-0921"
"REV-0080","INTERNATIONAL JOURNAL OF ENVIRONMENTAL RESEARCH AND PUBLIC HEALTH","1660-4601; 1661-7827"
"REV-0081","Horizontes Antropológicos","0104-7183; 1806-9983"
"REV-0082","SI SOMOS AMERICANOS-REVISTA DE ESTUDIOS TRANSFRONTERIZOS","0718-2910; 0719-0948"
"REV-0083","BIODEMOGRAPHY AND SOCIAL BIOLOGY","1948-5565; 1948-5573"
"REV-0084","Historia Ambiental Latinoamericana y Caribena","2237-2717"
"REV-0085","BMC PSYCHIATRY","1471-244X"
"REV-0086","LAND","2073-445X"
"REV-0087","JOURNAL OF CROSS-CULTURAL PSYCHOLOGY","0022-0221; 1552-5422"
"REV-0088","Forensic Science International: Reports","2665-9107"
"REV-0089","THEORY & PSYCHOLOGY","0959-3543; 1461-7447"
"REV-0090","PSICOPERSPECTIVAS","0717-7798; 0718-6924"
"REV-0091","MINERALS","2075-163X"
"REV-0092","Psykhe","0717-0297; 0718-2228"
"REV-0093","PAPELES DEL CEIC-INTERNATIONAL JOURNAL ON COLLECTIVE IDENTITY RESEARCH","1695-6494"
"REV-0094","SIMBIOTICA","2316-1620"
"REV-0095","VISUAL ETHNOGRAPHY","2281-1605; 2499-9288"
"REV-0096","TEMPO SOCIAL","0103-2070; 1809-4554"
"REV-0097","Validity of Educational Assessments in Chile and Latin America","303078390"
"REV-0098","CHILD ABUSE & NEGLECT","0145-2134; 1873-7757"
"REV-0099","BULLETIN OF LATIN AMERICAN RESEARCH","0261-3050; 1470-9856"
"REV-0100","ETHNOGRAPHY AND EDUCATION","1745-7823; 1745-7831"
"REV-0101","Perfiles Educativos","0185-2698; 2448-6167"
"REV-0102","JOURNAL OF ARCHAEOLOGICAL SCIENCE-REPORTS","2352-409X"
"REV-0103","FRONTIERS IN ECOLOGY AND EVOLUTION","2296-701X"
"REV-0104","URBANO","0717-3997; 0718-3607"
"REV-0105","QUADERNS DE PSICOLOGIA","0211-3481; 2014-4520"
"REV-0106","GLOBAL HEALTH PROMOTION","1757-9759; 1757-9767"
"REV-0107","AIBR-REVISTA DE ANTROPOLOGIA IBEROAMERICANA","1578-9705; 1695-9752"
"REV-0108","LEADERSHIP AND POLICY IN SCHOOLS","1570-0763; 1744-5043"
"REV-0109","EDUCATIONAL GERONTOLOGY","0360-1277; 1521-0472"
"REV-0110","EDUCACION","1019-9403; 2304-4322"
"REV-0111","Augmented Exploitation: Artificial Intelligence, Automation and Work","74534350; 74534353"
"REV-0112","TERAPIA PSICOLOGICA","0716-6184; 0718-4808"
"REV-0113","BRITISH JOURNAL OF SOCIAL WORK","0045-3102; 1468-263X"
"REV-0114","HOMO-JOURNAL OF COMPARATIVE HUMAN BIOLOGY","0018-442X; 1618-1301"
"REV-0115","REVISTA MEDICA DE CHILE","0034-9887; 0717-6163"
"REV-0116","REICE-REVISTA IBEROAMERICANA SOBRE CALIDAD EFICACIA Y CAMBIO EN EDUCACION","1696-4713"
"REV-0117","JOURNAL OF BIOSOCIAL SCIENCE","0021-9320; 1469-7599"
"REV-0118","ENERGY RESEARCH & SOCIAL SCIENCE","2214-6296"
"REV-0119","JOURNAL OF ANTHROPOLOGICAL ARCHAEOLOGY","0278-4165; 1090-2686"
"REV-0120","JOURNAL OF INTERPERSONAL VIOLENCE","0886-2605; 1552-6518"
"REV-0121","FRONTIERS IN SUSTAINABLE CITIES","2624-9634"
"REV-0122","EARTHS FUTURE","2328-4277"
"REV-0123","REVISTA CS EN CIENCIAS SOCIALES","2011-0324; 2665-4814"
"REV-0124","NATURE PLANTS","2055-026X; 2055-0278"
"REV-0125","INTERNATIONAL JOURNAL OF DRUG POLICY","0955-3959; 1873-4758"
"REV-0126","FRONTIERS IN EDUCATION","2504-284X"
"REV-0127","REVISTA CHILENA DE NUTRICION","0716-1549; 0717-7518"
"REV-0128","SOCIAL IDENTITIES","1350-4630; 1363-0296"
"REV-0129","QUALITATIVE SOCIAL WORK","1473-3250; 1741-3117"
"REV-0130","Educação & Realidade","0100-3143; 2175-6236"
"REV-0131","JOURNAL OF COMMUNITY PSYCHOLOGY","0090-4392; 1520-6629"
"REV-0132","PSYCHOTHERAPY RESEARCH","1050-3307; 1468-4381"
"REV-0133","ELIFE","2050-084X"
"REV-0134","REVISTA CRITICA DE CIENCIAS SOCIAIS","0254-1106"
"REV-0135","RESOURCES POLICY","0301-4207; 1873-7641"
"REV-0136","REVISTA IBEROAMERICANA DE EDUCACION","1022-6508; 1681-5653"
"REV-0137","ENCRUCIJADA AMERICANA","0718-5766; 0719-3432"
"REV-0138","SCIENCE OF THE TOTAL ENVIRONMENT","0048-9697; 1879-1026"
"REV-0139","JOURNAL OF AFFECTIVE DISORDERS","0165-0327; 1573-2517"
"REV-0140","DESENVOLVIMENTO E MEIO AMBIENTE","1518-952X; 2176-9109"
"REV-0141","A History of Chilean Literature","110848737; 110876661"
"REV-0142","HERITAGE AND SOCIETY","2159-032X; 2159-0338"
"REV-0143","Interrogating the Relations between Migration and Education in the South: Migrating Americas","9781000504"
"REV-0144","AISTHESIS","0568-3939; 0718-7181"
"REV-0145","Ciencias Sociales","0797-5538; 1688-4981"
"REV-0146","Sociedade e Estado","0102-6992; 1980-5462"
"REV-0147","Revista de psicología","0716-8039; 0719-0581"
"REV-0148","ESTUDIOS FILOLOGICOS","0071-1713; 0717-6171"
"REV-0149","CUADERNOS INFO","0719-3661; 0719-367X"
"REV-0150","COLOMBIA INTERNACIONAL","0121-5612"
"REV-0151","INTERDISCIPLINARIA","0325-8203; 1668-7027"
"REV-0152","CHILDREN & SOCIETY","0951-0605; 1099-0860"
"REV-0153","LATIN AMERICAN JOURNAL OF CONTENT & LANGUAGE INTEGRATED-LACLIL","2011-6721; 2322-9721"
"REV-0154","ANALES DE PSICOLOGIA","0212-9728; 1695-2294"
"REV-0155","ARTHRITIS CARE & RESEARCH","2151-464X; 2151-4658"
"REV-0156","Pensamiento Educativo","0717-1013; 0719-0409"
"REV-0157","Companion to Urban and Regional Studies","9781119316"
"REV-0158","Curriculum Studies Worldwide","2731-6386; 2731-6394"
"REV-0159","JOURNAL OF ALZHEIMERS DISEASE","1387-2877; 1875-8908"
"REV-0160","JOURNAL OF ENVIRONMENTAL STUDIES AND SCIENCES","2190-6483; 2190-6491"
"REV-0161","BITACORA URBANO TERRITORIAL","0124-7913; 2027-145X"
"REV-0162","ARCHAEOLOGICAL AND ANTHROPOLOGICAL SCIENCES","1866-9557; 1866-9565"
"REV-0163","MEDICAL ANTHROPOLOGY","0145-9740; 1545-5882"
"REV-0164","ELEUTHERA","2011-4532; 2463-1469"
"REV-0165","CRANIO-THE JOURNAL OF CRANIOMANDIBULAR & SLEEP PRACTICE","0886-9634; 2151-0903"
"REV-0166","PERSONALITY AND INDIVIDUAL DIFFERENCES","0191-8869"
"REV-0167","CUHSO-CULTURA-HOMBRE-SOCIEDAD","0716-1557; 2452-610X"
"REV-0168","JOURNAL OF SOCIAL ISSUES","0022-4537; 1540-4560"
"REV-0169","FEMINIST LEGAL STUDIES","0966-3622; 1572-8455"
"REV-0170","ARCHIVOS LATINOAMERICANOS DE NUTRICION","0004-0622"
"REV-0171","CRITICAL SOCIAL POLICY","0261-0183; 1461-703X"
"REV-0172","JOURNAL OF HUMAN RIGHTS AND SOCIAL WORK","2365-1792"
"REV-0173","EX AEQUO","0874-5560; 2184-0385"
"REV-0174","ECLINICALMEDICINE","2589-5370"
"REV-0175","QUATERNARY SCIENCE REVIEWS","0277-3791"
"REV-0176","REVISTA AUSTRAL DE CIENCIAS SOCIALES","0717-3202; 0718-1795"
"REV-0177","PERSPECTIVA EDUCACIONAL","0718-9729"
"REV-0178","GEOARCHAEOLOGY-AN INTERNATIONAL JOURNAL","0883-6353; 1520-6548"
"REV-0179","FRONTIERS IN SOCIOLOGY","2297-7775"
"REV-0180","AMERICAN JOURNAL OF HUMAN BIOLOGY","1042-0533; 1520-6300"
"REV-0181","CULTURA DE LOS CUIDADOS","1138-1728; 1699-6003"
"REV-0182","CURRENT SOCIOLOGY","0011-3921; 1461-7064"
"REV-0183","Revista Chilena de Derecho y Ciencia Política","0718-9389; 0719-2150"
"REV-0184","SCIENCE ADVANCES","2375-2548"
"REV-0185","QUALITATIVE RESEARCH IN PSYCHOLOGY","1478-0887; 1478-0895"
"REV-0186","HUMAN ECOLOGY REVIEW","1074-4827"
"REV-0187","CRITICAL AND RADICAL SOCIAL WORK","2049-8608; 2049-8675"
"REV-0188","PLOS Global Public Health","2767-3375"
"REV-0189","RLA-REVISTA DE LINGUISTICA TEORICA Y APLICADA","0033-698X; 0718-4883"
"REV-0190","JOURNAL OF COMMUNITY & APPLIED SOCIAL PSYCHOLOGY","1052-9284; 1099-1298"
"REV-0191","ESTUDIOS POLITICOS","0121-5167"
"REV-0192","PERSONALITY AND SOCIAL PSYCHOLOGY BULLETIN","0146-1672; 1552-7433"
"REV-0193","Revista Mexicana de Sociologia","0188-2503; 2594-0651"
"REV-0194","Preventive Medicine Reports","2211-3355"
"REV-0195","PAPERS-REVISTA DE SOCIOLOGIA","0210-2862"
"REV-0196","Revista estudios de politicas publicas","0719-6296"
"REV-0197","REVISTA DE GEOGRAFIA NORTE GRANDE","0379-8682; 0718-3402"
"REV-0198","SOCIAL SCIENCE QUARTERLY","0038-4941; 1540-6237"
"REV-0199","Frontiers in Climate","2624-9553"
"REV-0200","CHILDRENS GEOGRAPHIES","1473-3277; 1473-3285"
"REV-0201","Psicologia e Sociedade","0102-7182; 1807-0310"
"REV-0202","Revista de Arqueologia","0102-0420"
"REV-0203","ATENEA","0718-0462"
"REV-0204","Rumbos TS","0718-4182; 0719-7721"
"REV-0205","Where Has Social Justice Gone?: From Equality to Experimentation","978-3-030-"
"REV-0206","UNIVERSUM-REVISTA DE HUMANIDADES Y CIENCIAS SOCIALES","0716-498X; 0718-2376"
"REV-0207","AMERICAN JOURNAL OF BIOLOGICAL ANTHROPOLOGY","2692-7691"
"REV-0208","PROCEEDINGS OF THE NATIONAL ACADEMY OF SCIENCES OF THE UNITED STATES OF AMERICA","0027-8424; 1091-6490"
"REV-0209","Journal of Constructivist Psychology","1072-0537; 1521-0650"
"REV-0210","MAGIS-REVISTA INTERNACIONAL DE INVESTIGACION EN EDUCACION","2027-1174; 2027-1182"
"REV-0211","INTERNATIONAL JOURNAL OF OSTEOARCHAEOLOGY","1047-482X; 1099-1212"
"REV-0212","AFFILIA-FEMINIST INQUIRY IN SOCIAL WORK","0886-1099; 1552-3020"
"REV-0213","La ventana. Revista de estudios de género","1405-9436; 2448-7724"
"REV-0214","INTERNATIONAL JOURNAL OF SOCIAL PSYCHOLOGY","0213-4748; 1579-3680"
"REV-0215","JOURNAL OF POLITICS IN LATIN AMERICA","1866-802X; 1868-4890"
"REV-0216","The Coronavirus Crisis and Challenges to Social Development: Global Perspectives","9783030846"
"REV-0217","INFANCY","1525-0008; 1532-7078"
"REV-0218","ENVIRONMENTAL SCIENCE & POLICY","1462-9011; 1873-6416"
"REV-0219","PSYCH JOURNAL","2046-0252; 2046-0260"
"REV-0220","REVISTA ARGENTINA DE CIENCIAS DEL COMPORTAMIENTO","1852-4206"
"REV-0221","URBAN RESEARCH & PRACTICE","1753-5069; 1753-5077"
"REV-0222","Exploring Ibero-American Youth Cultures in the 21st Century: Creativity, Resistance and Transgression in the City","303083540; 303083541"
"REV-0223","CIENCIA & SAUDE COLETIVA","1413-8123; 1678-4561"
"REV-0224","Current Research in Ecological and Social Psychology","2666-6227"
"REV-0225","APPLIED SCIENCES-BASEL","2076-3417"
"REV-0226","EMPIRIA","1139-5737; 2174-0682"
"REV-0227","Millars. Espai i Historia","1132-9823; 2340-4809"
"REV-0228","JOURNAL OF TRAUMATIC STRESS","0894-9867; 1573-6598"
"REV-0229","Revolutionary Social Work: Promoting Systemic Changes","9781003194"
"REV-0230","SOCIAL PSYCHOLOGY","1864-9335; 2151-2590"
"REV-0231","STUDIES IN PSYCHOLOGY","0210-9395; 1579-3699"
"REV-0232","IMISCOE Research Series","2364-4087; 2364-4095"
"REV-0233","REVISTA CRIMINALIDAD","1794-3108; 2256-5531"
"REV-0234","PATTERNS","2666-3899"
"REV-0235","LATIN AMERICAN ANTIQUITY","1045-6635"
"REV-0236","TEMPO E ARGUMENTO","2175-1803"
"REV-0237","OIDO PENSANTE","2250-7116"
"REV-0238","The Institutionalisation of Evaluation in the Americas","9783030811"
"REV-0239","The Palgrave Handbook of Global Rehabilitation in Criminal Justice","978-303114"
"REV-0240","FORO DE EDUCACION","1698-7799; 1698-7802"
"REV-0241","REVISTA VENEZOLANA DE GERENCIA","1315-9984"
"REV-0242","HEALTH COMMUNICATION","1041-0236; 1532-7027"
"REV-0243","PERFILES LATINOAMERICANOS","0188-7653"
"REV-0244","GACETA SANITARIA","0213-9111; 1578-1283"
"REV-0245","Asparkia","1132-8231; 2340-4795"
"REV-0246","CURRENT PSYCHOLOGY","1046-1310; 1936-4733"
"REV-0247","EUROPEAN JOURNAL OF INDUSTRIAL RELATIONS","0959-6801; 1461-7129"
"REV-0248","REVISTA CIDOB D AFERS INTERNATIONALS","1133-6595; 2013-035X"
"REV-0249","CHILD INDICATORS RESEARCH","1874-897X; 1874-8988"
"REV-0250","REVISTA COMPLUTENSE DE EDUCACION","1130-2496; 1988-2793"
"REV-0251","Estudios Sociologicos","0185-4186; 2448-6442"
"REV-0252","SOCIAL MOVEMENT STUDIES","1474-2829; 1474-2837"
"REV-0253","SUBJECTIVITY","1755-6341; 1755-635X"
"REV-0254","JOURNAL OF LABOR AND SOCIETY","2471-4607; 2667-3657"
"REV-0255","REVISTA DE CIENCIA POLITICA","0716-1417; 0718-090X"
"REV-0256","ANTHROPOLOGISCHER ANZEIGER","0003-5548"
"REV-0257","RESEARCH IN PSYCHOTHERAPY-PSYCHOPATHOLOGY PROCESS AND OUTCOME","2239-8031"
"REV-0258","FRONTIERS IN EARTH SCIENCE","2296-6463"
"REV-0259","INTERNATIONAL JOURNAL OF LAW AND PSYCHIATRY","0160-2527; 1873-6386"
"REV-0260","ATHENEA DIGITAL","1578-8946; 2014-4539"
"REV-0261","ESTUDIOS FRONTERIZOS","0187-6961; 2395-9134"
"REV-0262","CUADERNOS DE DESARROLLO RURAL","0122-1450"
"REV-0263","DISCURSOS DEL SUR","2617-2283; 2617-2291"
"REV-0264","ISCIENCE","2589-0042"
"REV-0265","ALTERNATIVAS. CUADERNOS DE TRABAJO SOCIAL","1989-9971"
"REV-0266","REVISTA INTERNACIONAL DE EDUCACION PARA LA JUSTICIA SOCIAL","2254-3139"
"REV-0267","Cadernos de Pesquisa","0100-1574; 1980-5314"
"REV-0268","ACTA COLOMBIANA DE PSICOLOGIA","0123-9155"
"REV-0269","RISK HAZARDS & CRISIS IN PUBLIC POLICY","1944-4079"
"REV-0270","ARQ","0716-0852; 0717-6996"
"REV-0271","SOCIOLOGICA-INTERNATIONAL JOURNAL FOR SOCIOLOGICAL DEBATE","1971-8853"
"REV-0272","Revista enfoques educacionales","0717-3229; 2735-7279"
"REV-0273","AMERICAN JOURNAL OF PRIMATOLOGY","0275-2565; 1098-2345"
"REV-0274","JOURNAL OF CLINICAL AND EXPERIMENTAL NEUROPSYCHOLOGY","1380-3395; 1744-411X"
"REV-0275","JOURNAL OF ARCHAEOLOGICAL METHOD AND THEORY","1072-5369; 1573-7764"
"REV-0276","INTERNATIONAL JOURNAL OF MOLECULAR SCIENCES","1422-0067"
"REV-0277","REVISTA INTERNACIONAL DE ESTUDIOS MIGRATORIOS","2173-1950"
"REV-0278","INTERNATIONAL JOURNAL OF SOCIOLOGY","0020-7659; 1557-9336"
"REV-0279","ASSESSING WRITING","1075-2935; 1873-5916"
"REV-0280","INTELLECTUAL AND DEVELOPMENTAL DISABILITIES","1934-9491; 1934-9556"
"REV-0281","STUDIA PSYCHOLOGICA","0039-3320; 2585-8815"
"REV-0282","TRAVEL BEHAVIOUR AND SOCIETY","2214-367X; 2214-3688"
"REV-0283","DEBATS-REVISTA DE CULTURA PODER I SOCIETAT","0212-0585; 2530-3074"
"REV-0284","School Mental Health","1866-2625; 1866-2633"
"REV-0285","REVISTA DE ESTUDIOS SOCIALES","0123-885X; 1900-5180"
"REV-0286","Socialism and Democracy","0885-4300; 1745-2635"
"REV-0287","RADIOCARBON","0033-8222; 1945-5755"
"REV-0288","CULTURAL TRENDS","0954-8963; 1469-3690"
"REV-0289","ESTUDIOS INTERNACIONALES (SANTIAGO)","0716-0240; 0719-3769"
"REV-0290","TERRITORIOS","0123-8418; 2215-7484"
"REV-0291","Acta Scientiarum - Education","2178-5198; 2178-5201"
"REV-0292","ARQUEOLOGIA","0327-5159; 1853-8126"
"REV-0293","POLITICA Y SOCIEDAD","1130-8001; 1988-3129"
"REV-0294","NEUROPSYCHOLOGY","0894-4105; 1931-1559"
"REV-0295","JOURNAL OF LATIN AMERICAN STUDIES","0022-216X; 1469-767X"
"REV-0296","Revista Argentina de Antropología Biológica","1514-7991; 1853-6387"
"REV-0297","REVISTA INTERNACIONAL DE SOCIOLOGIA","0034-9712"
"REV-0298","PSYCHOLOGICAL MEDICINE","0033-2917; 1469-8978"
"REV-0299","MEMORY STUDIES","1750-6980; 1750-6999"
"REV-0300","WORLD DEVELOPMENT","0305-750X"
"REV-0301","ENRAHONAR-QUADERNS DE FILOSOFIA","0211-402X; 2014-881X"
"REV-0302","EMOTION","1528-3542; 1931-1516"
"REV-0303","COMMUNITY DENTISTRY AND ORAL EPIDEMIOLOGY","0301-5661; 1600-0528"
"REV-0304","QUALITATIVE PSYCHOLOGY","2326-3598; 2326-3601"
"REV-0305","REVISTA FINANZAS Y POLITICA ECONOMICA","2011-7663; 2248-6046"
"REV-0306","JOURNAL OF FAMILY VIOLENCE","0885-7482; 1573-2851"
"REV-0307","LATIN AMERICAN PERSPECTIVES","0094-582X; 1552-678X"
"REV-0308","Social Work's Histories of Complicity and Resistance: A Tale of Two Professions","144736430"
"REV-0309","Revista pueblos y fronteras digital","1870-4115"
"REV-0310","INTERNATIONAL JOURNAL OF INSTRUCTION","1308-1470; 1694-609X"
"REV-0311","INTERNATIONAL JOURNAL OF COMPARATIVE SOCIOLOGY","0020-7152; 1745-2554"
"REV-0312","Global Encyclopedia of Public Administration, Public Policy, and Governance","303066251; 303066252"
"REV-0313","Journal of Social and Political Psychology","2195-3325"
"REV-0314","VOLGOGRADSKII GOSUDARSTVENNYI UNIVERSITET-VESTNIK-SERIYA 4-ISTORIYA REGIONOVEDENIE MEZHDUNARODNYE OTNOSHENIYA","1998-9938"
"REV-0315","The Oxford Handbook of Latin American Social Movements","19087036"
"REV-0316","ARCHAEOMETRY","0003-813X; 1475-4754"
"REV-0317","FEMINISM & PSYCHOLOGY","0959-3535; 1461-7161"
"REV-0318","INTERCIENCIA","0378-1844"
"REV-0319","JOURNAL OF MAPS","1744-5647"
"REV-0320","EUROPEAN JOURNAL OF SOCIAL PSYCHOLOGY","0046-2772; 1099-0992"
"REV-0321","AI & SOCIETY","0951-5666; 1435-5655"
"REV-0322","JOURNAL OF BEHAVIOR THERAPY AND EXPERIMENTAL PSYCHIATRY","0005-7916; 1873-7943"
"REV-0323","CULTURAL STUDIES OF SCIENCE EDUCATION","1871-1502; 1871-1510"
"REV-0324","COUNSELLING & PSYCHOTHERAPY RESEARCH","1473-3145; 1746-1405"
"REV-0325","EARLY YEARS","0957-5146; 1472-4421"
"REV-0326","NUTRICION HOSPITALARIA","0212-1611; 1699-5198"
"REV-0327","LETRAS VERDES","1390-6631"
"REV-0328","The Routledge International Handbook of Social Work Teaching","104000176"
"REV-0329","BOSQUE","0304-8799; 0717-9200"
"REV-0330","PAPELES DE IDENTIDAD-CONTAR LA INVESTIGACION DE FRONTERA","3045-5650"
"REV-0331","Encuentros (Maracaibo)","2343-6131; 2610-8046"
"REV-0332","IUS ET PRAXIS","0717-2877; 0718-0012"
"REV-0333","EDUCATIONAL ASSESSMENT EVALUATION AND ACCOUNTABILITY","1874-8597; 1874-8600"
"REV-0334","EUROPEAN JOURNAL OF ENTOMOLOGY","1210-5759; 1802-8829"
"REV-0335","The Routledge International Handbook of Feminisms in Social Work","104003000"
"REV-0336","FRONTIERS IN REPRODUCTIVE HEALTH","2673-3153"
"REV-0337","Journal fur Entwicklungspolitik","0258-2384"
"REV-0338","BUSINESS AND POLITICS","1469-3569"
"REV-0339","POPULATION AND ENVIRONMENT","0199-0039; 1573-7810"
"REV-0340","JOURNAL OF CHILD SEXUAL ABUSE","1053-8712; 1547-0679"
"REV-0341","PROFESORADO-REVISTA DE CURRICULUM Y FORMACION DE PROFESORADO","1138-414X; 1989-6395"
"REV-0342","SCOTTISH GEOGRAPHICAL JOURNAL","1470-2541; 1751-665X"
"REV-0343","Migraciones Internacionales","1665-8906"
"REV-0344","KULTUR-REVISTA INTERDISCIPLINARIA SOBRE LA CULTURA DE LA CIUTAT","2386-5458"
"REV-0345","CANADIAN REVIEW OF SOCIOLOGY-REVUE CANADIENNE DE SOCIOLOGIE","1755-6171; 1755-618X"
"REV-0346","JOURNAL FOR THE STUDY OF EDUCATION AND DEVELOPMENT","0210-3702; 1578-4126"
"REV-0347","APPLIED RESEARCH IN QUALITY OF LIFE","1871-2576; 1871-2584"
"REV-0348","ECONOMIC AND INDUSTRIAL DEMOCRACY","0143-831X; 1461-7099"
"REV-0349","Revista Estudos Feministas","0104-026X; 1805-9584"
"REV-0350","TRIALS","1745-6215"
"REV-0351","URBE-REVISTA BRASILEIRA DE GESTAO URBANA","2175-3369"
"REV-0352","Handbook on Youth Activism","180392321"
"REV-0353","Latin-American Journal of Discourse Studies","2447-9543"
"REV-0354","PUNTO GENERO","0719-0417; 2735-7473"
"REV-0355","RESEARCH IN SOCIAL STRATIFICATION AND MOBILITY","0276-5624"
"REV-0356","Revista Brasileira de Ciencias Sociais","0102-6909; 1806-9053"
"REV-0357","APPLIED ANIMAL BEHAVIOUR SCIENCE","0168-1591; 1872-9045"
"REV-0358","Journal of Drug and Alcohol Research","2090-8334; 2090-8342"
"REV-0359","EDUCATION SCIENCES","2227-7102"
"REV-0360","International Perspectives on the Teaching and Learning of Mathematical Modelling","2211-4920; 2211-4939"
"REV-0361","FORENSIC SCIENCE INTERNATIONAL","0379-0738; 1872-6283"
"REV-0362","FRONTIERS IN PUBLIC HEALTH","2296-2565"
"REV-0363","NUTRIENTS","2072-6643"
"REV-0364","LONGITUDINAL AND LIFE COURSE STUDIES","1757-9597"
"REV-0365","POLITICA CRIMINAL","0718-3399"
"REV-0366","Cadernos de Linguagem e Sociedade","0104-9712; 2179-4790"
"REV-0367","EDUCACAO EM REVISTA","0102-4698; 1982-6621"
"REV-0368","Street-Level Bureaucracy in Weak State Institutions","144736877"
"REV-0369","SEX ROLES","0360-0025; 1573-2762"
"REV-0370","BEHAVIORAL SCIENCES","2076-328X"
"REV-0371","ESTUDIOS AVANZADOS","0718-5014; 0718-5022"
"REV-0372","JOURNAL OF CLINICAL MEDICINE","2077-0383"
"REV-0373","The Oxford Handbook of Power, Politics, and Social Work","19765092"
"REV-0374","DESAFIOS","0124-4035; 2145-5112"
"REV-0375","CULTURA Y RELIGION","0718-4727; 0718-5472"
"REV-0376","SOCIETIES","2075-4698"
"REV-0377","HUMAN DIMENSIONS OF WILDLIFE","1087-1209; 1533-158X"
"REV-0378","RELIGIAO SOCIEDADE","1984-0438"
"REV-0379","Allende and Popular Unity: The Road to Democratic Socialism","103275574"
"REV-0380","CULTURA CIENCIA Y DEPORTE","1696-5043; 1989-7413"
"REV-0381","New Trends in Qualitative Research","2184-7770"
"REV-0382","SOCIAL AND PERSONALITY PSYCHOLOGY COMPASS","1751-9004"
"REV-0383","REVISTA DE PSICOLOGIA PUCP","0254-9247; 2223-3733"
"REV-0384","INTERNATIONAL CRITICAL THOUGHT","2159-8282; 2159-8312"
"REV-0385","SOCIAL SCIENCES-BASEL","2076-0760"
"REV-0386","CANADIAN JOURNAL OF PROGRAM EVALUATION","0834-1516"
"REV-0387","JMIR RESEARCH PROTOCOLS","1929-0748"
"REV-0388","Ciencia Nueva, Revista de Historia y Politica","2539-2662"
"REV-0389","EDUCACAO E PESQUISA","1517-9702; 1678-4634"
"REV-0390","MOBILIZATION","1086-671X; 1938-1514"
"REV-0391","INTERNATIONAL JOURNAL OF HERITAGE STUDIES","1352-7258; 1470-3610"
"REV-0392","CHILDREN AND YOUTH SERVICES REVIEW","0190-7409; 1873-7765"
"REV-0393","Research Handbook on Education and Democracy","180392810; 180392811"
"REV-0394","Trends in Latin American Psychology: Research Published in Universitas Psychologica","303187553; 303187554"
"REV-0395","WORLD REVIEW OF POLITICAL ECONOMY","2042-891X; 2042-8928"
"REV-0396","TERRA ECONOMICUS","2073-6606"
"REV-0397","CULTURE ET MUSEES","1766-2923; 2111-4528"
"REV-0398","IEA Research for Education","2366-1631; 2366-164X"
"REV-0399","Sexualidad, Salud y Sociedad (Rio de Janeiro)","1984-6487"
"REV-0400","Applied Environmental Education and Communication","1533-015X; 1533-0389"
"REV-0401","ARCHIVES OF PUBLIC HEALTH","0778-7367; 2049-3258"
"REV-0402","EUROPEAN JOURNAL OF EDUCATION AND PSYCHOLOGY","1888-8992; 1989-2209"
"REV-0403","INTERNATIONAL JOURNAL OF EDUCATIONAL DEVELOPMENT","0738-0593; 1873-4871"
"REV-0404","REMHU: Revista Interdisciplinar da Mobilidade Humana","1980-8585; 2237-9843"
"REV-0405","ACTION RESEARCH","1476-7503; 1741-2617"
"REV-0406","JOURNAL OF ARCHAEOLOGICAL SCIENCE","0305-4403; 1095-9238"
"REV-0407","The Political Psychology of Social Unrest in Latin America","103225226; 104030650"
"REV-0408","CAHIERS DES AMERIQUES LATINES","1141-7161"
"REV-0409","STUDIES IN HIGHER EDUCATION","0307-5079; 1470-174X"
"REV-0410","EDUCATIONAL REVIEW","0013-1911; 1465-3397"
"REV-0411","Child Protection and Practice","2950-1938"
"REV-0412","NAWPA PACHA","0077-6297; 2051-6207"
"REV-0413","Cadernos CEDES","0101-3262"
"REV-0414","Research Handbook on Social Work and Societies","103532926; 103532927"
"REV-0415","ANTIQUITY","0003-598X; 1745-1744"
"REV-0416","CUADERNOS DE RELACIONES LABORALES","1131-8635; 1988-2572"
"REV-0417","NATURE COMMUNICATIONS","2041-1723"
"REV-0418","BMC PUBLIC HEALTH","1471-2458"
"REV-0419","Runa","1851-9628"
"REV-0420","Handbook of Latin American Health Psychology: Evidence and Practices","303184432; 303184433"
"REV-0421","IZQUIERDAS","0718-5049"
"REV-0422","POLITICS & POLICY","1555-5623; 1747-1346"
"REV-0423","REVISTA INVI","0718-1299; 0718-8358"
"REV-0424","JOURNAL OF OROFACIAL ORTHOPEDICS FORTSCHRITTE DER KIEFERORTHOPADIE","1434-5293; 1615-6714"
"REV-0425","CITY","1360-4813; 1470-3629"
"REV-0426","REVIEW OF GENERAL PSYCHOLOGY","1089-2680; 1939-1552"
"REV-0427","INTERNATIONAL JOURNAL OF EARLY CHILDHOOD","0020-7187"
"REV-0428","AGEING & SOCIETY","0144-686X; 1469-1779"
"REV-0429","PSYCHOLOGY IN THE SCHOOLS","0033-3085; 1520-6807"
"REV-0430","ALPHA-REVISTA DE ARTES LETRAS Y FILOSOFIA","0716-4254; 0718-2201"
"REV-0431","REVISTA EUREKA SOBRE ENSENANZA Y DIVULGACION DE LAS CIENCIAS","1697-011X"
"REV-0432","QUALITY IN AGEING AND OLDER ADULTS","1471-7794; 2044-1827; 2044-1835"
"REV-0433","SOCIAL JUSTICE RESEARCH","0885-7466; 1573-6725"
"REV-0434","JOURNAL OF FIELD ARCHAEOLOGY","0093-4690; 2042-4582"
"REV-0435","Qualitative Research in Clinical Psychology and Psychotherapy in Latin America: Creativity for Studying Complex Objects in Context","303190781; 303190782"
"REV-0436","Disena","0718-8447"
"REV-0437","MEDWAVE","0717-6384"
"REV-0438","TORRES DE LUCCA-REVISTA INTERNACIONAL DE FILOSOFIA POLITICA","2255-3827"
"REV-0439","CLINICAL CASE STUDIES","1534-6501; 1552-3802"
"REV-0440","MITOLOGIAS HOY-REVISTA DE PENSAMIENTO CRITICA Y ESTUDIOS LITERARIOS LATINOAMERICANOS","2014-1130"
"REV-0441","MARINE POLICY","0308-597X; 1872-9460"
"REV-0442","BEHAVIORAL PSYCHOLOGY-PSICOLOGIA CONDUCTUAL","1132-9483"
"REV-0443","PAPELES DE POBLACION","1405-7425"
"REV-0444","REVISTA DE PSICODIDACTICA","1136-1034; 2254-4372"
"REV-0445","JOURNAL OF SUSTAINABLE DEVELOPMENT OF ENERGY WATER AND ENVIRONMENT SYSTEMS-JSDEWES","1848-9257"
"REV-0446","SALUD COLECTIVA","1669-2381; 1851-8265"
"REV-0447","EXTRACTIVE INDUSTRIES AND SOCIETY","2214-790X; 2214-7918"
"REV-0448","Revista Colombiana de Antropologia","0486-6525"
"REV-0449","BEHAVIOR RESEARCH METHODS","1554-351X; 1554-3528"
"REV-0450","ROYAL SOCIETY OPEN SCIENCE","2054-5703"
"REV-0451","CULTURE MEDICINE AND PSYCHIATRY","0165-005X; 1573-076X"
"REV-0452","Mountainscapes: Pathways and Mobilities in the Alps and Beyond","183695143; 183695145"
"REV-0453","DRUG AND ALCOHOL DEPENDENCE REPORTS","2772-7246"
"REV-0454","SPORTIS SCIENTIFIC TECHNICAL JOURNAL OF SCHOOL SPORT PHYSICAL EDUCATION AND PSYCHOMOTRICITY","2386-8333"
"REV-0455","VISUAL ANTHROPOLOGY REVIEW","1058-7187; 1548-7458"
"REV-0456","GLOBAL MENTAL HEALTH","2054-4251"
"REV-0457","Journal of Intercultural Communication","1404-1634"
"REV-0458","ESTUDIOS DEMOGRAFICOS Y URBANOS","0186-7210; 2448-6515"
"REV-0459","JOURNAL OF INDUSTRIAL RELATIONS","0022-1856; 1472-9296"
"REV-0460","Parole Futures: Rationalities, Institutions and Practices","150998217; 150998219"
"REV-0461","Springer Geography","2194-315X; 2194-3168"
"REV-0462","ANTIPODE","0066-4812; 1467-8330"
"REV-0463","HEALTH & PLACE","1353-8292; 1873-2054"
"REV-0464","Revista Katálysis","1982-0259"
"REV-0009","Revista MAD","0718-0527"
"REV-0465","Propuestas Críticas en Trabajo Social - Critical Proposals in Social Work","2735-6620"
"REV-0272","Revista Enfoques Educacionales","0717-3229; 2735-7279"
"REV-0066","Estudios pedagógicos (Valdivia)","0716-050X; 0718-0705"
"REV-0466","Revista Saberes Educativos","2452-5014"
"REV-0467","Proceedings of the Nutrition Society","0029-6651; 1475-2719"
"REV-0167","REVISTA CUHSO","0716-1557; 2452-610X"
"REV-0251","Estudios Sociológicos de El Colegio de México","0185-4186; 2448-6442"
"REV-0468","Youth &amp; Society","0044-118X; 1552-8499"
"REV-0469","The Journal of Early Adolescence","0272-4316; 1552-5449"
"REV-0470","American Journal of Sexuality Education","1554-6128; 1554-6136"
"REV-0471","Castalia - Revista de Psicología de la Academia","0719-8051"
"REV-0336","Frontiers in Reproductive Health","2673-3153"
"REV-0147","Revista de Psicología","0716-8039; 0719-0581"
"REV-0246","Current Psychology","1046-1310; 1936-4733"
"REV-0181","Cultura de los Cuidados","1138-1728; 1699-6003"
"REV-0126","Frontiers in Education","2504-284X"
"REV-0155","Arthritis Care &amp; Research","2151-464X; 2151-4658"
"REV-0131","Journal of Community Psychology","0090-4392; 1520-6629"
"REV-0040","Psicología Educativa","1135-755X; 2174-0526"
"REV-0022","Gestión y Política Pública","1405-1079; 2448-9182"
"REV-0472","EURE","0717-6236"
"REV-0473","Revista de Urbanismo","0717-5051"
"REV-0465","Propuestas Críticas en Trabajo Social-Critical Proposals in Social Work","2735-6620"
"REVNAME-001","Revista de Trabajo Social",NA
"REV-0364","Longitudinal and Life Course Studies","1757-9597"
"REV-0215","Journal of Politics in Latin America","1866-802X; 1868-4890"
"REV-0474","Revista Intervención","2452-4751"
"REV-0475","Journal of Social Work","1468-0173; 1741-296X"
"REV-0196","Revista Estudios de Políticas Públicas","0719-6296"
"REV-0476","Revista Temas Sociológicos","0719-644X; 0719-6458"
"REV-0187","Critical and Radical Social Work","2049-8608; 2049-8675"
"REV-0477","Encartes","2594-2999"
"REV-0478","Revista de Sociología","0716-632X; 0719-529X"
"REV-0038","Cadernos de Saúde Pública","0102-311X; 1678-4464"
"REV-0193","Revista Mexicana de Sociología","0188-2503; 2594-0651"
"REV-0354","Revista Punto Género","0719-0417; 2735-7473"
"REV-0090","Psicoperspectivas","0717-7798; 0718-6924"
"REV-0123","Revista CS","2011-0324; 2665-4814"
"REV-0182","Current Sociology","0011-3921; 1461-7064"
"REV-0479","International Labour Review","0020-7780; 1564-913X"
"REV-0480","Revista Internacional del Trabajo","0378-5548; 1564-9148"
"REV-0481","Revista Chilena de Antropología","0716-3312; 0719-1472"
"REV-0482","Cuadernos de Historia","0716-1832; 0719-1243"
"REV-0483","Kera Yvoty: reflexiones sobre la cuestión social","2519-7797; 2788-9572"
"REV-0484","Revista Ciencias Sociales","0252-8681; 2960-8163"
"REV-0485","Revista Em Pauta","1414-8609; 2238-3786"
"REV-0486","Textos &amp; Contextos (Porto Alegre)","1677-9509"
"REV-0164","Eleuthera","2011-4532; 2463-1469"
"REV-0292","Arqueología","0327-5159; 1853-8126"
"REV-0487","Boletín de la Sociedad Chilena de Arqueología","0716-5730; 2735-7651"
"REV-0063","Magallania","0718-0209; 0718-2244"
"REV-0071","Chungará (Arica)","0716-1182; 0717-7356"
"REV-0063","Magallania (Punta Arenas)","0718-0209; 0718-2244"
"REV-0488","Revista de Antropología Visual","2452-5189"
"REV-0489","Anales de la Universidad de Chile","0365-7779; 0717-8883"
"REV-0004","Última Década","0717-4691; 0718-2236"
"REV-0004","Ultima década","0717-4691; 0718-2236"
"REV-0490","Revista Realidad Educativa","2452-6134"
"REV-0491","Stigma and Health","2376-6964; 2376-6972"
"REV-0287","Radiocarbon","0033-8222; 1945-5755"
"REV-0492","Política. Revista de Ciencia Política","0716-1077; 0719-5338"
"REV-0493","Anuario de la Escuela de Historia Virtual","1853-7049"
"REV-0494","Revista Educación, Política y Sociedad","2445-4109"
"REV-0495","Márgenes Revista de Educación de la Universidad de Málaga","2695-2769"
"REV-0025","Educação &amp; Sociedade","0101-7330; 1678-4626"
"REV-0496","Revista Temas em Educação","0104-2777; 2359-7003"
"REV-0212","Affilia","0886-1099; 1552-3020"
"REV-0497","Tabula Rasa","1794-2489; 2011-2742"
"REV-0498","Social Policy &amp; Administration","0144-5596; 1467-9515"
"REV-0285","Revista de Estudios Sociales","0123-885X; 1900-5180"
"REV-0008","Temas y Debates","1666-0714; 1853-984X"
"REV-0204","RUMBOS TS Un Espacio Crítico para la Reflexión en Ciencias Sociales","0718-4182; 0719-7721"
"REV-0499","Journal of Experimental Psychology: Animal Learning and Cognition","2329-8456; 2329-8464"
"REV-0500","AVANCA | CINEMA","2184-0520; 2184-4682"
"REV-0501","Revista Liminales. Escritos sobre Psicología y Sociedad","0718-4166; 0719-7748"
"REV-0502","Iberoamerican Journal of Psychology and Public Policy","2810-6598"
"REV-0220","Revista Argentina de Ciencias del Comportamiento","1852-4206"
"REV-0503","Urban Studies","0042-0980; 1360-063X"
"REV-0504","Revista Pensamiento y Acción Interdisciplinaria","0719-8078"
"REV-0367","Educação em Revista","0102-4698; 1982-6621"
"REV-0505","IdeAs","1950-5701"
"REV-0506","Disjuntiva. Crítica de les Ciències Socials","2659-7071"
"REV-0507","Revista de Ciencias Sociales Ambos Mundos","2659-4439"
"REV-0024","Historia (Santiago)","0073-2435; 0717-7194"
"REV-0033","Cinta de moebio","0717-554X"
"REV-0018","Frontiers in Psychology","1664-1078"
"REV-0064","Sustainability","2071-1050"
"REV-0225","Applied Sciences","2076-3417"
"REV-0508","Earth System Science Data","1866-3516"
"REV-0077","Convergencia Revista de Ciencias Sociales","1405-1435; 2448-5799"
"REV-0160","Journal of Environmental Studies and Sciences","2190-6483; 2190-6491"
"REV-0509","International Journal of Disaster Risk Reduction","2212-4209"
"REV-0510","Revista Pedagógica","1984-1566"
"REV-0511","SIG Revista de Psicanálise","2316-6010"
"REV-0021","Sociologia &amp; Antropologia","2236-7527; 2238-3875"
"REV-0432","Quality in Ageing and Older Adults","1471-7794; 2044-1827; 2044-1835"
"REV-0197","Revista de geografía Norte Grande","0379-8682; 0718-3402"
"REV-0512","Punto sur","2683-7404"
"REV-0513","Revista de Psicologia da IMED","2175-5027"
"REV-0051","Revista CES Psicología","2011-3080"
"REV-0514","Studies in Comparative International Development","0039-3606; 1936-6167"
"REV-0390","Mobilization: An International Quarterly","1086-671X; 1938-1514"
"REV-0374","Desafíos","0124-4035; 2145-5112"
"REV-0300","World Development","0305-750X"
"REV-0515","International Journal of Educational Methodology","2469-9632"
"REV-0516","Revista Sul-Americana de Psicologia","2318-650X"
"REV-0517","Revista Estudios Psicosociales Latinoamericanos","2619-6077"
"REV-0201","Psicologia &amp; Sociedade","0102-7182; 1807-0310"
"REV-0173","ex aequo - Revista da Associação Portuguesa de Estudos sobre as Mulheres","0874-5560; 2184-0385"
"REV-0082","Si Somos Americanos","0718-2910; 0719-0948"
"REV-0518","Zero-a-Seis","1980-4512"
"REV-0042","Education Policy Analysis Archives","1068-2341"
"REV-0519","Discurso &amp; Sociedad","1887-4606"
"REV-0520","Sociedad e Infancias","2531-0720"
"REV-0521","Comuni@cción: Revista de Investigación en Comunicación y Desarrollo","2219-7168; 2226-1478"
"REV-0142","Heritage &amp; Society","2159-032X; 2159-0338"
"REV-0522","Praxis Arqueológica","2452-5081"
"REV-0523","Interface Focus","2042-8901"
"REV-0162","Archaeological and Anthropological Sciences","1866-9557; 1866-9565"
"REV-0260","Athenea Digital. Revista de pensamiento e investigación social","1578-8946; 2014-4539"
"REV-0012","Revista Mexicana de Ciencias Políticas y Sociales","0185-1918; 2448-492X"
"REV-0112","Terapia psicológica","0716-6184; 0718-4808"
"REV-0524","Teoría y Praxis","1994-733X"
"REV-0525","Tramas y Redes","2796-9096"
"REV-0107","AIBR, Revista de Antropologia Iberoamericana","1578-9705; 1695-9752"
"REV-0161","Bitácora Urbano Territorial","0124-7913; 2027-145X"
"REV-0526","European Journal of Child Development Education and Psychopathology","2340-924X"
"REV-0527","Seminars in Medical Writing and Education","3008-8127"
"REV-0020","Revista Iberoamericana de Diagnóstico y Evaluación – e Avaliação Psicológica","1135-3848; 2183-6051"
"REV-0206","Universum (Talca)","0716-498X; 0718-2376"
"REV-0084","Historia Ambiental Latinoamericana y Caribeña (HALAC) revista de la Solcha","2237-2717"
"REVNAME-002","Pensamiento Educativo: Revista de Investigación Educacional Latinoamericana",NA
"REV-0528","Revue d’études autochtones","2564-4947; 2564-4955"
"REV-0529","Revista Electrónica de Investigación en Docencia Universitaria","2452-4875"
"REV-0530","Ilha Revista de Antropologia","1517-395X; 2175-8034"
"REV-0531","Saúde em Debate","0103-1104; 2358-2898"
"REV-0532","Psychological Reports","0033-2941; 1558-691X"
"REV-0533","International Journal of Human–Computer Interaction","1044-7318; 1532-7590"
"REV-0106","Global Health Promotion","1757-9759; 1757-9767"
"REV-0534","International Journal of Care and Caring","2397-8821; 2397-883X"
"REV-0068","Andamios, Revista de Investigación Social","1870-0063; 2594-1917"
"REV-0535","International Journal of Urban and Regional Research","0309-1317; 1468-2427"
"REV-0290","Territorios","0123-8418; 2215-7484"
"REV-0536","Migraciones. Publicación del Instituto Universitario de Estudios sobre Migraciones","1138-5774; 2341-0833"
"REVNAME-003","Research Handbook on Urban Sociology",NA
"REVNAME-004","The Routledge Handbook of Housing and Welfare",NA
"REVNAME-005","Towards a Comparative Analysis of Social Inequalities between Europe and Latin America",NA
"REVNAME-006","Street-Level Bureaucracy in Weak State Institutions",NA
"REVNAME-007","Handbook on Social Protection and Social Development in the Global South",NA
"REV-0537","The Latin American Studies Book Series","2366-3421; 2366-343X"
"REV-0538","Interdisciplinary Contributions to Archaeology","1568-2722; 2730-6984"
"REVNAME-008","Foodways of the Ancient Andes",NA
"REVNAME-009","Rethinking the Inka",NA
"REVNAME-010","Encyclopedia of Global Archaeology",NA
"REVNAME-011","The Routledge Handbook of Social Work and Migration",NA
"REVNAME-012","Ecosocial Work and Sustainability Transitions",NA
"REVNAME-013","Social Work’s Histories of Complicity and Resistance",NA
"REVNAME-014","Social Work and the COVID-19 Pandemic",NA
"REVNAME-015","L’attention médicamentée",NA
"REV-0539","Community Psychology","2523-7241; 2523-725X"
"REVNAME-016","Encyclopedia of Sexual Psychology and Behavior",NA
"REVNAME-017","Encyclopedia of Domestic Violence",NA
"REVNAME-018","Encyclopedia of Animal Cognition and Behavior",NA
"REVNAME-019","Problemáticas sociales frente al contexto de la COVID-19 ¿sin punto final?",NA
"REV-0540","Lecture Notes in Networks and Systems","2367-3370; 2367-3389"
"REVNAME-020","Andean States and the Resource Curse",NA
"REV-0541","Advances in Economics, Business and Management Research","2352-5428"
"REVNAME-021","The Wiley-Blackwell Encyclopedia of Social and Political Movements",NA
"REVNAME-022","Student Movements in Late Neoliberalism",NA
"REVNAME-023","Psychosocial Perspectives on Community Responses to Covid-19",NA
"REVNAME-024","Contestations of Citizenship, Education, and Democracy in an Era of Global Change",NA
"REV-0542","Smart Innovation, Systems and Technologies","2190-3018; 2190-3026"
"REVNAME-025","Handbook on Climate Change Vulnerability, Environments and Communities",NA
"REV-0543","Lecture Notes in Computer Science","0302-9743; 1611-3349"
